Workbook

Sheet Összefoglaló
A1: babylon-grow.eu – Edények és tálcák főkategória kulcsszókutatás (Google Ads Kulcsszótervező, HU, magyar, 12 hó átlag)
A2: Forrás: Babylon Adwords fiók (867-850-6485) Kulcsszótervező (Windsor.ai-on át), lekérdezve: 2026-10-12. Hely: Magyarország, nyelv: magyar, hálózat: Google Keresés. A számok kerekített lépcsős havi átlagok.
A4: Kategória (menünév) | B4: Fő kulcsszó | C4: Fő kulcsszó havi | D4: Klaszter összesen (érdemes = Igen) | E4: Kötődés a webshophoz | F4: Érdemes rá kategória? | G4: Felhasználási terület | H4: Javasolt hely az új fában
A5: Esővízgyűjtő tartály | B5: esővízgyűjtő tartály | C5: =SUMIFS('Összes kulcsszó'!$E:$E,'Összes kulcsszó'!$A:$A,A5,'Összes kulcsszó'!$C:$C,B5) | D5: =SUMIFS('Összes kulcsszó'!$E:$E,'Összes kulcsszó'!$A:$A,A5,'Összes kulcsszó'!$G:$G,"Igen") | E5: Szoros | F5: Igen | G5: Kert, öntözővíz – esővíz gyűjtése és tárolása | H5: Jelenlegi „Esővízgyűjtő” – menünév maradhat, H1 / SEO title: „Esővízgyűjtő tartály”
A6: Hidrokultúrás cserép, hálós kosár | B6: hidrokultúrás cserép | C6: =SUMIFS('Összes kulcsszó'!$E:$E,'Összes kulcsszó'!$A:$A,A6,'Összes kulcsszó'!$C:$C,B6) | D6: =SUMIFS('Összes kulcsszó'!$E:$E,'Összes kulcsszó'!$A:$A,A6,'Összes kulcsszó'!$G:$G,"Igen") | E6: Szoros | F6: Igen | G6: Hidrokultúra, hidroponika – hálós kosár, net pot | H6: Jelenlegi „Hidro cserép” – javasolt menünév: „Hidrokultúrás cserép, hálós kosár”
A7: Mérőhenger, mérőpohár | B7: mérőhenger | C7: =SUMIFS('Összes kulcsszó'!$E:$E,'Összes kulcsszó'!$A:$A,A7,'Összes kulcsszó'!$C:$C,B7) | D7: =SUMIFS('Összes kulcsszó'!$E:$E,'Összes kulcsszó'!$A:$A,A7,'Összes kulcsszó'!$G:$G,"Igen") | E7: Szoros | F7: Igen | G7: Tápoldat kimérése, adagolása | H7: Jelenlegi „Mérőedény” – javasolt menünév: „Mérőhenger, mérőpohár” (a „mérőedény” 210, a „mérőhenger” 480)
A8: Air-Pot, légmetsző cserép | B8: airpot | C8: =SUMIFS('Összes kulcsszó'!$E:$E,'Összes kulcsszó'!$A:$A,A8,'Összes kulcsszó'!$C:$C,B8) | D8: =SUMIFS('Összes kulcsszó'!$E:$E,'Összes kulcsszó'!$A:$A,A8,'Összes kulcsszó'!$G:$G,"Igen") | E8: Szoros | F8: Igen | G8: Gyökérlégzés, gyökérmetszés – termesztés konténerben | H8: Jelenlegi „Speciális cserepek” alá (3. szint) vagy a „Speciális cserepek” helyett önálló alkategória
A9: Textil cserép, ültetőzsák | B9: ültetőzsák | C9: =SUMIFS('Összes kulcsszó'!$E:$E,'Összes kulcsszó'!$A:$A,A9,'Összes kulcsszó'!$C:$C,B9) | D9: =SUMIFS('Összes kulcsszó'!$E:$E,'Összes kulcsszó'!$A:$A,A9,'Összes kulcsszó'!$G:$G,"Igen") | E9: Szoros | F9: Igen | G9: Szövet / filc cserép, ültető- és termesztőzsák | H9: Jelenlegi „Speciális cserepek” alá (3. szint) vagy önálló alkategória
A10: Szögletes cserép, magas cserép | B10: szögletes virágcserép | C10: =SUMIFS('Összes kulcsszó'!$E:$E,'Összes kulcsszó'!$A:$A,A10,'Összes kulcsszó'!$C:$C,B10) | D10: =SUMIFS('Összes kulcsszó'!$E:$E,'Összes kulcsszó'!$A:$A,A10,'Összes kulcsszó'!$G:$G,"Igen") | E10: Szoros | F10: Igen | G10: Helytakarékos termesztés sátorban / polcon | H10: Jelenlegi „Speciális cserepek” alá, vagy a Virágcserép kategóriában szűrő (forma: kerek / szögletes)
A11: Önöntöző cserép | B11: önöntöző cserép | C11: =SUMIFS('Összes kulcsszó'!$E:$E,'Összes kulcsszó'!$A:$A,A11,'Összes kulcsszó'!$C:$C,B11) | D11: =SUMIFS('Összes kulcsszó'!$E:$E,'Összes kulcsszó'!$A:$A,A11,'Összes kulcsszó'!$G:$G,"Igen") | E11: Laza | F11: Igen | G11: Víztartályos, önöntöző cserép – szobanövény, fűszer | H11: Jelenlegi „Speciális cserepek” alá, ha van ilyen termék
A12: Műanyag tálca, árapály asztal | B12: nagyméretű műanyag tálca | C12: =SUMIFS('Összes kulcsszó'!$E:$E,'Összes kulcsszó'!$A:$A,A12,'Összes kulcsszó'!$C:$C,B12) | D12: =SUMIFS('Összes kulcsszó'!$E:$E,'Összes kulcsszó'!$A:$A,A12,'Összes kulcsszó'!$G:$G,"Igen") | E12: Laza | F12: Igen | G12: Gyűjtőtálca termesztősátorba, árapály (ebb & flow) rendszer | H12: Jelenlegi „Tálcák” – a „tálcák” (1000) főleg konyhai / tálaló keresés; javasolt menünév: „Műanyag tálca, árapály asztal”
A13: Virágcserép, műanyag cserép | B13: virágcserép | C13: =SUMIFS('Összes kulcsszó'!$E:$E,'Összes kulcsszó'!$A:$A,A13,'Összes kulcsszó'!$C:$C,B13) | D13: =SUMIFS('Összes kulcsszó'!$E:$E,'Összes kulcsszó'!$A:$A,A13,'Összes kulcsszó'!$G:$G,"Igen") | E13: Szoros | F13: Igen | G13: Termesztő cserép – műanyag, nagy méret, literes | H13: Jelenlegi „Virágcserép” – menünév maradhat; H1 / SEO title: „Műanyag virágcserép”
A14: Cserépalátét | B14: cserépalátét | C14: =SUMIFS('Összes kulcsszó'!$E:$E,'Összes kulcsszó'!$A:$A,A14,'Összes kulcsszó'!$C:$C,B14) | D14: =SUMIFS('Összes kulcsszó'!$E:$E,'Összes kulcsszó'!$A:$A,A14,'Összes kulcsszó'!$G:$G,"Igen") | E14: Szoros | F14: Igen | G14: Cserép alá – vízfelfogás, gurulós alátét | H14: Jelenlegi „Alátét” – javasolt menünév: „Cserépalátét” (az „alátét” (720) csavaralátétet jelent)
A16: Jelmagyarázat
A17: Szoros kötődés · érdemes: Igen
A18: Laza kötődés · érdemes: Igen
A19: Laza kötődés · érdemes: Nem
A20: Nincs (áruházi / nem vásárlási szándék) kötődés · érdemes: Nem – kizárandó
A22: Megjegyzés: a klaszter-összeg átfedéseket tartalmazhat (pl. elírt és ékezet nélküli változatok, amelyeket a Google külön sorban is mutat).
A23: Fő megállapítás: a főkategória forgalmát az esővízgyűjtő (esővízgyűjtő tartály 6600, esővízgyűjtő 5400) és a virágcserép (2400, műanyag virágcserép 590) viszi; a többi alkategória kis volumenű.
A24: Három menünévre nincs vagy rossz a keresés: „Speciális cserepek” (0), „Alátét” (= csavaralátét), „Tálcák” (= konyhai tálca). Javasolt nevek az Összefoglaló utolsó oszlopában és a „Jelenlegi menünevek” lapon.
A25: A „szaporító tálca” / „palántanevelő tálca” céloldala a Propagátor-ág – itt csak említés (kannibalizáció elkerülése).
A26: Termékkínálat: az éles bolt terméklistáját ebből a környezetből nem értem el, ezért az „Érdemes” oszlop a keresési szándékon alapul – termékexport alapján finomítandó.

Sheet Bővítés – rokon területek
A1: Rokon, edényekhez kapcsolódó területek (Kulcsszótervező, HU, 12 hó átlag)
A2: Nagy volumenű, de nem growshop-vásárlási szándékú vagy más kategóriába tartozó témák – csak ha van hozzá termék.
A4: Terület | B4: Javaslat | C4: Releváns keresés (Szoros+Laza)
A5: Orchidea és átlátszó cserép | B5: Csak ha van ilyen termék – különben szűrő / említés a Virágcserép vagy a Hidro kategóriában | C5: =SUMIFS(C12:C31,A12:A31,A5,E12:E31,"<>Nem")
A6: Kaspó, virágláda, virágtartó (dekor) | B6: Nem growshop-téma – csak ha forgalmazod | C6: =SUMIFS(C12:C31,A12:A31,A6,E12:E31,"<>Nem")
A7: IBC tartály, hordó, víztartály | B7: Az esővízgyűjtő-ág bővítése, ha van IBC / hordó kínálat | C7: =SUMIFS(C12:C31,A12:A31,A7,E12:E31,"<>Nem")
A8: Tápoldat-adagoló rendszerek | B8: Az öntözés / tápoldatozás kategóriába (pl. Dosatron), nem a mérőedényhez | C8: =SUMIFS(C12:C31,A12:A31,A8,E12:E31,"<>Nem")
A11: Terület | B11: Kulcsszó | C11: Havi keresés | D11: Kötődés a webshophoz | E11: Érdemes rá oldal? | F11: Javasolt felhasználás
A12: Orchidea és átlátszó cserép | B12: orchidea cserép | C12: 720 | D12: Laza | E12: Igen | F12: Csak ha van ilyen termék – különben szűrő / említés a Virágcserép vagy a Hidro kategóriában
A13: Orchidea és átlátszó cserép | B13: átlátszó cserép | C13: 90 | D13: Laza | E13: Igen | F13: Csak ha van ilyen termék – különben szűrő / említés a Virágcserép vagy a Hidro kategóriában
A14: Orchidea és átlátszó cserép | B14: orchidea cserép átlátszó | C14: 70 | D14: Laza | E14: Igen | F14: Csak ha van ilyen termék – különben szűrő / említés a Virágcserép vagy a Hidro kategóriában
A15: Orchidea és átlátszó cserép | B15: átlátszó orchidea cserép | C15: 30 | D15: Laza | E15: Igen | F15: Csak ha van ilyen termék – különben szűrő / említés a Virágcserép vagy a Hidro kategóriában
A16: Orchidea és átlátszó cserép | B16: orchidea átlátszó cserép | C16: 30 | D16: Laza | E16: Igen | F16: Csak ha van ilyen termék – különben szűrő / említés a Virágcserép vagy a Hidro kategóriában
A17: Orchidea és átlátszó cserép | B17: átlátszó műanyag cserép | C17: 20 | D17: Laza | E17: Igen | F17: Csak ha van ilyen termék – különben szűrő / említés a Virágcserép vagy a Hidro kategóriában
A18: Orchidea és átlátszó cserép | B18: átlátszó műanyag orchidea cserép | C18: 20 | D18: Laza | E18: Igen | F18: Csak ha van ilyen termék – különben szűrő / említés a Virágcserép vagy a Hidro kategóriában
A19: Kaspó, virágláda, virágtartó (dekor) | B19: kaspó | C19: 2400 | D19: Laza | E19: Nem | F19: Nem growshop-téma – csak ha forgalmazod
A20: Kaspó, virágláda, virágtartó (dekor) | B20: virágláda | C20: 2400 | D20: Laza | E20: Nem | F20: Nem growshop-téma – csak ha forgalmazod
A21: Kaspó, virágláda, virágtartó (dekor) | B21: virágtartó | C21: 2400 | D21: Laza | E21: Nem | F21: Nem growshop-téma – csak ha forgalmazod
A22: Kaspó, virágláda, virágtartó (dekor) | B22: agyag cserép | C22: 720 | D22: Laza | E22: Nem | F22: Nem growshop-téma – csak ha forgalmazod
A23: Kaspó, virágláda, virágtartó (dekor) | B23: kerámia cserép | C23: 590 | D23: Laza | E23: Nem | F23: Nem growshop-téma – csak ha forgalmazod
... A31: Tápoldat-adagoló rendszerek | B31: csepegtető tápoldat adagoló | C31: 30 | D31: Laza | E31: Igen | F31: Az öntözés / tápoldatozás kategóriába (pl. Dosatron), nem a mérőedényhez

Sheet Jelenlegi menünevek
A1: A jelenlegi „Edények és tálcák” menünevek – keresési volumen és javasolt név
A2: Jelenlegi menü: Esővízgyűjtő, Hidro cserép, Mérőedény, Speciális cserepek, Tálcák, Virágcserép, Alátét.
A4: Régi kategória | B4: Javaslat (hova kerüljön) | C4: Releváns keresés (Szoros+Laza)
A5: Edények és tálcák (főkategória) | B5: Az „edények és tálcák” kifejezésre nincs mérhető keresés; az „edények” (720) és a „tálcák” (1000) konyhai szándék. Menünévnek maradhat, de a H1 / SEO title legyen pl. „Virágcserép, cserépalátét, esővízgyűjtő”. | C5: =SUMIFS(C16:C39,A16:A39,A5,E16:E39,"Igen")
A6: Esővízgyűjtő | B6: Marad; H1: „Esővízgyűjtő tartály” | C6: =SUMIFS(C16:C39,A16:A39,A6,E16:E39,"Igen")
A7: Hidro cserép | B7: → „Hidrokultúrás cserép, hálós kosár” | C7: =SUMIFS(C16:C39,A16:A39,A7,E16:E39,"Igen")
A8: Mérőedény | B8: → „Mérőhenger, mérőpohár” | C8: =SUMIFS(C16:C39,A16:A39,A8,E16:E39,"Igen")
A9: Speciális cserepek | B9: A névre nincs keresés – bontás: Air-Pot, Textil cserép / ültetőzsák, Szögletes cserép, Önöntöző cserép | C9: =SUMIFS(C16:C39,A16:A39,A9,E16:E39,"Igen")
A10: Tálcák | B10: → „Műanyag tálca, árapály asztal” (a „tálcák” konyhai keresés) | C10: =SUMIFS(C16:C39,A16:A39,A10,E16:E39,"Igen")
A11: Virágcserép | B11: Marad; H1: „Műanyag virágcserép” | C11: =SUMIFS(C16:C39,A16:A39,A11,E16:E39,"Igen")
A12: Alátét | B12: → „Cserépalátét” (az „alátét” csavaralátét) | C12: =SUMIFS(C16:C39,A16:A39,A12,E16:E39,"Igen")
A15: Régi kategória | B15: Kulcsszó | C15: Havi keresés | D15: Kötődés a webshophoz | E15: Érdemes rá oldal? | F15: Javasolt felhasználás
A16: Edények és tálcák (főkategória) | B16: esővízgyűjtő tartály | C16: 6600 | D16: Szoros | E16: Igen | F16: Az új kategória leírásában / átirányítás (301) a régi URL-ről
A17: Edények és tálcák (főkategória) | B17: virágcserép | C17: 2400 | D17: Szoros | E17: Igen | F17: Az új kategória leírásában / átirányítás (301) a régi URL-ről
A18: Edények és tálcák (főkategória) | B18: tálcák | C18: 1000 | D18: Laza | E18: Nem | F18: Nem célozni külön oldallal (max. említés)
A19: Edények és tálcák (főkategória) | B19: edények | C19: 720 | D19: Laza | E19: Nem | F19: Nem célozni külön oldallal (max. említés)
A20: Esővízgyűjtő | B20: esővízgyűjtő tartály | C20: 6600 | D20: Szoros | E20: Igen | F20: Az új kategória leírásában / átirányítás (301) a régi URL-ről
A21: Esővízgyűjtő | B21: esővízgyűjtő | C21: 5400 | D21: Szoros | E21: Igen | F21: Az új kategória leírásában / átirányítás (301) a régi URL-ről
A22: Hidro cserép | B22: hidrokultúrás cserép | C22: 30 | D22: Szoros | E22: Igen | F22: Az új kategória leírásában / átirányítás (301) a régi URL-ről
A23: Hidro cserép | B23: hálós kosár | C23: 20 | D23: Szoros | E23: Igen | F23: Az új kategória leírásában / átirányítás (301) a régi URL-ről
A24: Hidro cserép | B24: hidro cserép | C24: 10 | D24: Szoros | E24: Igen | F24: Az új kategória leírásában / átirányítás (301) a régi URL-ről
A25: Mérőedény | B25: mérőhenger | C25: 480 | D25: Szoros | E25: Igen | F25: Az új kategória leírásában / átirányítás (301) a régi URL-ről
A26: Mérőedény | B26: mérőpohár | C26: 320 | D26: Szoros | E26: Igen | F26: Az új kategória leírásában / átirányítás (301) a régi URL-ről
A27: Mérőedény | B27: mérőedény | C27: 210 | D27: Szoros | E27: Igen | F27: Az új kategória leírásában / átirányítás (301) a régi URL-ről
... A39: Alátét | B39: cserép alátét | C39: 260 | D39: Szoros | E39: Igen | F39: Az új kategória leírásában / átirányítás (301) a régi URL-ről

Sheet Összes kulcsszó
A1: Kategória | B1: # | C1: Kulcsszó | D1: Megjegyzés (szint) | E1: Havi keresés | F1: Kötődés a webshophoz | G1: Érdemes rá kategória/oldal? | H1: Felhasználási terület | I1: Javasolt felhasználás
A2: Esővízgyűjtő tartály | B2: 1 | C2: esővízgyűjtő tartály | E2: 6600 | F2: Szoros | G2: Igen | H2: Kert, öntözővíz – esővíz gyűjtése és tárolása | I2: Kategórianév + H1 + SEO title (fő kulcsszó)
A3: Esővízgyűjtő tartály | B3: 2 | C3: esoviz gyujto tartaly | E3: 6600 | F3: Szoros | G3: Igen | H3: Kert, öntözővíz – esővíz gyűjtése és tárolása | I3: Kategórialeírás (természetes említés)
A4: Esővízgyűjtő tartály | B4: 3 | C4: esővízgyűjtő | E4: 5400 | F4: Szoros | G4: Igen | H4: Kert, öntözővíz – esővíz gyűjtése és tárolása | I4: SEO title / H1 / bevezető (másodlagos)
A5: Virágcserép, műanyag cserép | B5: 1 | C5: virágcserép | E5: 2400 | F5: Szoros | G5: Igen | H5: Termesztő cserép – műanyag, nagy méret, literes | I5: Kategórianév + H1 + SEO title (fő kulcsszó)
A6: Mérőhenger, mérőpohár | B6: 2 | C6: fecskendő | E6: 1900 | F6: Laza | G6: Nem | H6: Tápoldat kimérése, adagolása | I6: Nem célozni külön oldallal (max. említés)
A7: Mérőhenger, mérőpohár | B7: 3 | C7: pipetta | E7: 1600 | F7: Laza | G7: Nem | H7: Tápoldat kimérése, adagolása | I7: Nem célozni külön oldallal (max. említés)
A8: Esővízgyűjtő tartály | B8: 4 | C8: esővíztartályok | E8: 1000 | F8: Szoros | G8: Igen | H8: Kert, öntözővíz – esővíz gyűjtése és tárolása | I8: SEO title / H1 / bevezető (másodlagos)
A9: Esővízgyűjtő tartály | B9: 5 | C9: vízgyűjtő tartály | E9: 1000 | F9: Laza | G9: Igen | H9: Kert, öntözővíz – esővíz gyűjtése és tárolása | I9: Kategórialeírás (természetes említés)
A10: Műanyag tálca, árapály asztal | B10: 2 | C10: tálcák | E10: 1000 | F10: Laza | G10: Nem | H10: Gyűjtőtálca termesztősátorba, árapály (ebb & flow) rendszer | I10: Nem célozni külön oldallal (max. említés)
A11: Esővízgyűjtő tartály | B11: 6 | C11: esővízgyűjtők | E11: 880 | F11: Szoros | G11: Igen | H11: Kert, öntözővíz – esővíz gyűjtése és tárolása | I11: Kategórialeírás (természetes említés)
A12: Esővízgyűjtő tartály | B12: 7 | C12: olcsó esővízgyűjtő tartály | E12: 720 | F12: Szoros | G12: Igen | H12: Kert, öntözővíz – esővíz gyűjtése és tárolása | I12: Kategórialeírás (természetes említés)
A13: Mérőhenger, mérőpohár | B13: 4 | C13: inzulinos fecskendő | E13: 720 | F13: Laza | G13: Nem | H13: Tápoldat kimérése, adagolása | I13: Nem célozni külön oldallal (max. említés)
... A182: Cserépalátét | B182: 22 | C182: gurulós virágcserép alátét | E182: 10 | F182: Szoros | G182: Igen | H182: Cserép alá – vízfelfogás, gurulós alátét | I182: Kategórialeírás (természetes említés)

Sheet 1 Esővízgyűjtő
A1: Esővízgyűjtő tartály – fő kulcsszó: „esővízgyűjtő tartály”
A2: Felhasználási terület: Kert, öntözővíz – esővíz gyűjtése és tárolása
A3: Megjegyzés: A főkategória messze legnagyobb klasztere. Az „esoviz gyujto tartaly” (6600) ékezet nélküli változat – a Google külön sorban mutatja, ugyanaz a klaszter, ezért az összeg felülbecsül. Az IBC tartály / műanyag hordó / víztartály nagy, de más szándék (a Bővítés lapon).
A4: Felvett releváns kulcsszavak: 32 (a Kulcsszótervező > 0 keresésű ötleteiből válogatva; a teljes nyers lista a CSV-ben)
A6: # | B6: Kulcsszó | C6: Havi keresés | D6: Kötődés a webshophoz | E6: Érdemes rá kategória/oldal? | F6: Felhasználási terület | G6: Javasolt felhasználás
A7: 1 | B7: esővízgyűjtő tartály | C7: 6600 | D7: Szoros | E7: Igen | F7: Kert, öntözővíz – esővíz gyűjtése és tárolása | G7: Kategórianév + H1 + SEO title (fő kulcsszó)
A8: 2 | B8: esoviz gyujto tartaly | C8: 6600 | D8: Szoros | E8: Igen | F8: Kert, öntözővíz – esővíz gyűjtése és tárolása | G8: Kategórialeírás (természetes említés)
A9: 3 | B9: esővízgyűjtő | C9: 5400 | D9: Szoros | E9: Igen | F9: Kert, öntözővíz – esővíz gyűjtése és tárolása | G9: SEO title / H1 / bevezető (másodlagos)
A10: 4 | B10: esővíztartályok | C10: 1000 | D10: Szoros | E10: Igen | F10: Kert, öntözővíz – esővíz gyűjtése és tárolása | G10: SEO title / H1 / bevezető (másodlagos)
A11: 5 | B11: vízgyűjtő tartály | C11: 1000 | D11: Laza | E11: Igen | F11: Kert, öntözővíz – esővíz gyűjtése és tárolása | G11: Kategórialeírás (természetes említés)
A12: 6 | B12: esővízgyűjtők | C12: 880 | D12: Szoros | E12: Igen | F12: Kert, öntözővíz – esővíz gyűjtése és tárolása | G12: Kategórialeírás (természetes említés)
A13: 7 | B13: olcsó esővízgyűjtő tartály | C13: 720 | D13: Szoros | E13: Igen | F13: Kert, öntözővíz – esővíz gyűjtése és tárolása | G13: Kategórialeírás (természetes említés)
A14: 8 | B14: esővízgyűjtő hordó | C14: 590 | D14: Szoros | E14: Igen | F14: Kert, öntözővíz – esővíz gyűjtése és tárolása | G14: SEO title / H1 / bevezető (másodlagos)
A15: 9 | B15: esővízgyűjtő tartály 1000 l | C15: 590 | D15: Szoros | E15: Igen | F15: Kert, öntözővíz – esővíz gyűjtése és tárolása | G15: Kategórialeírás (természetes említés)
A16: 10 | B16: esővíz gyűjtő tartály | C16: 480 | D16: Szoros | E16: Igen | F16: Kert, öntözővíz – esővíz gyűjtése és tárolása | G16: Kategórialeírás (természetes említés)
A17: 11 | B17: földalatti esővízgyűjtő tartály | C17: 480 | D17: Szoros | E17: Igen | F17: Kert, öntözővíz – esővíz gyűjtése és tárolása | G17: Kategórialeírás (természetes említés)
A18: 12 | B18: esővízgyűjtő amfora | C18: 320 | D18: Szoros | E18: Igen | F18: Kert, öntözővíz – esővíz gyűjtése és tárolása | G18: Kategórialeírás (természetes említés)
... A38: 32 | B38: esővízgyűjtő túlfolyó | C38: 40 | D38: Szoros | E38: Igen | F38: Kert, öntözővíz – esővíz gyűjtése és tárolása | G38: Kategórialeírás (természetes említés)
B39: Összesen (érdemes rá oldal = Igen): | C39: =SUMIFS(C7:C38,E7:E38,"Igen")

Sheet 2 Hidro cserép
A1: Hidrokultúrás cserép, hálós kosár – fő kulcsszó: „hidrokultúrás cserép”
A2: Felhasználási terület: Hidrokultúra, hidroponika – hálós kosár, net pot
A3: Megjegyzés: Kis volumen: a „hidro cserép” szóra csak havi 10 keresés jut, a „hidrokultúrás cserép”-re 30, a „hálós kosár”-ra 20. A „hidrokultúra” / „hidroponika” információs – a hidro főkategória vagy blog témája.
A4: Felvett releváns kulcsszavak: 15 (a Kulcsszótervező > 0 keresésű ötleteiből válogatva; a teljes nyers lista a CSV-ben)
A6: # | B6: Kulcsszó | C6: Havi keresés | D6: Kötődés a webshophoz | E6: Érdemes rá kategória/oldal? | F6: Felhasználási terület | G6: Javasolt felhasználás
A7: 1 | B7: hidrokultúrás cserép | C7: 30 | D7: Szoros | E7: Igen | F7: Hidrokultúra, hidroponika – hálós kosár, net pot | G7: Kategórianév + H1 + SEO title (fő kulcsszó)
A8: 2 | B8: hidrokultúra | C8: 90 | D8: Laza | E8: Igen | F8: Hidrokultúra, hidroponika – hálós kosár, net pot | G8: Leírás alsó része, GYIK vagy blog
A9: 3 | B9: hidroponika | C9: 50 | D9: Laza | E9: Igen | F9: Hidrokultúra, hidroponika – hálós kosár, net pot | G9: Leírás alsó része, GYIK vagy blog
A10: 4 | B10: hidrokultúrás szobanövények | C10: 30 | D10: Laza | E10: Igen | F10: Hidrokultúra, hidroponika – hálós kosár, net pot | G10: Leírás alsó része, GYIK vagy blog
A11: 5 | B11: hidrokultúrás növények | C11: 30 | D11: Laza | E11: Igen | F11: Hidrokultúra, hidroponika – hálós kosár, net pot | G11: Leírás alsó része, GYIK vagy blog
A12: 6 | B12: hálós kosár | C12: 20 | D12: Szoros | E12: Igen | F12: Hidrokultúra, hidroponika – hálós kosár, net pot | G12: SEO title / H1 / bevezető (másodlagos)
A13: 7 | B13: hidroponikus cserép | C13: 20 | D13: Szoros | E13: Igen | F13: Hidrokultúra, hidroponika – hálós kosár, net pot | G13: SEO title / H1 / bevezető (másodlagos)
A14: 8 | B14: hidrokultúra házilag | C14: 20 | D14: Laza | E14: Igen | F14: Hidrokultúra, hidroponika – hálós kosár, net pot | G14: Leírás alsó része, GYIK vagy blog
A15: 9 | B15: hidro cserép | C15: 10 | D15: Szoros | E15: Igen | F15: Hidrokultúra, hidroponika – hálós kosár, net pot | G15: SEO title / H1 / bevezető (másodlagos)
A16: 10 | B16: net pot | C16: 10 | D16: Szoros | E16: Igen | F16: Hidrokultúra, hidroponika – hálós kosár, net pot | G16: Kategórialeírás (természetes említés)
A17: 11 | B17: hidroponikus kosár | C17: 10 | D17: Szoros | E17: Igen | F17: Hidrokultúra, hidroponika – hálós kosár, net pot | G17: Kategórialeírás (természetes említés)
A18: 12 | B18: komplement hálós kosár | C18: 10 | D18: Szoros | E18: Igen | F18: Hidrokultúra, hidroponika – hálós kosár, net pot | G18: Kategórialeírás (természetes említés)
... A21: 15 | B21: ikea hidroponika | C21: 10 | D21: Nincs (áruházi / nem vásárlási szándék) | E21: Nem – kizárandó | F21: Hidrokultúra, hidroponika – hálós kosár, net pot | G21: Nem használni (áruházi/nem vásárlási szándék)
B22: Összesen (érdemes rá oldal = Igen): | C22: =SUMIFS(C7:C21,E7:E21,"Igen")

Sheet 3 Mérőedény
A1: Mérőhenger, mérőpohár – fő kulcsszó: „mérőhenger”
A2: Felhasználási terület: Tápoldat kimérése, adagolása
A3: Megjegyzés: A „fecskendő” (1900) és a „pipetta” (1600) döntően orvosi / labor keresés – nem célozni, de a tápoldat-adagoló fecskendő és a műanyag pipetta termékszinten jó. A „mérőkanál” és az üveg mérőpohár konyhai.
A4: Felvett releváns kulcsszavak: 28 (a Kulcsszótervező > 0 keresésű ötleteiből válogatva; a teljes nyers lista a CSV-ben)
A6: # | B6: Kulcsszó | C6: Havi keresés | D6: Kötődés a webshophoz | E6: Érdemes rá kategória/oldal? | F6: Felhasználási terület | G6: Javasolt felhasználás
A7: 1 | B7: mérőhenger | C7: 480 | D7: Szoros | E7: Igen | F7: Tápoldat kimérése, adagolása | G7: Kategórianév + H1 + SEO title (fő kulcsszó)
A8: 2 | B8: fecskendő | C8: 1900 | D8: Laza | E8: Nem | F8: Tápoldat kimérése, adagolása | G8: Nem célozni külön oldallal (max. említés)
A9: 3 | B9: pipetta | C9: 1600 | D9: Laza | E9: Nem | F9: Tápoldat kimérése, adagolása | G9: Nem célozni külön oldallal (max. említés)
A10: 4 | B10: inzulinos fecskendő | C10: 720 | D10: Laza | E10: Nem | F10: Tápoldat kimérése, adagolása | G10: Nem célozni külön oldallal (max. említés)
A11: 5 | B11: mérőpohár | C11: 320 | D11: Szoros | E11: Igen | F11: Tápoldat kimérése, adagolása | G11: SEO title / H1 / bevezető (másodlagos)
A12: 6 | B12: mérőkanál | C12: 320 | D12: Laza | E12: Nem | F12: Tápoldat kimérése, adagolása | G12: Nem célozni külön oldallal (max. említés)
A13: 7 | B13: mérőedény | C13: 210 | D13: Szoros | E13: Igen | F13: Tápoldat kimérése, adagolása | G13: SEO title / H1 / bevezető (másodlagos)
A14: 8 | B14: tápoldat adagoló | C14: 140 | D14: Szoros | E14: Igen | F14: Tápoldat kimérése, adagolása | G14: SEO title / H1 / bevezető (másodlagos)
A15: 9 | B15: üveg mérőpohár | C15: 140 | D15: Laza | E15: Nem | F15: Tápoldat kimérése, adagolása | G15: Nem célozni külön oldallal (max. említés)
A16: 10 | B16: meropohar | C16: 90 | D16: Szoros | E16: Igen | F16: Tápoldat kimérése, adagolása | G16: Kategórialeírás (természetes említés)
A17: 11 | B17: mérőkancsó | C17: 70 | D17: Szoros | E17: Igen | F17: Tápoldat kimérése, adagolása | G17: Kategórialeírás (természetes említés)
A18: 12 | B18: műanyag pipetta | C18: 70 | D18: Laza | E18: Igen | F18: Tápoldat kimérése, adagolása | G18: Kategórialeírás (természetes említés)
... A34: 28 | B34: ml mérőpohár | C34: 10 | D34: Szoros | E34: Igen | F34: Tápoldat kimérése, adagolása | G34: Kategórialeírás (természetes említés)
B35: Összesen (érdemes rá oldal = Igen): | C35: =SUMIFS(C7:C34,E7:E34,"Igen")

Sheet 4 Air-Pot
A1: Air-Pot, légmetsző cserép – fő kulcsszó: „airpot”
A2: Felhasználási terület: Gyökérlégzés, gyökérmetszés – termesztés konténerben
A3: Megjegyzés: A „légmetsző / légmetszéses cserép” kifejezésre nincs mérhető keresés – a vásárlók a márkanevet (Air-Pot) keresik. A „speciális cserép” névre sincs keresés.
A4: Felvett releváns kulcsszavak: 5 (a Kulcsszótervező > 0 keresésű ötleteiből válogatva; a teljes nyers lista a CSV-ben)
A6: # | B6: Kulcsszó | C6: Havi keresés | D6: Kötődés a webshophoz | E6: Érdemes rá kategória/oldal? | F6: Felhasználási terület | G6: Javasolt felhasználás
A7: 1 | B7: airpot | C7: 140 | D7: Szoros | E7: Igen | F7: Gyökérlégzés, gyökérmetszés – termesztés konténerben | G7: Kategórianév + H1 + SEO title (fő kulcsszó)
A8: 2 | B8: air pot | C8: 90 | D8: Szoros | E8: Igen | F8: Gyökérlégzés, gyökérmetszés – termesztés konténerben | G8: SEO title / H1 / bevezető (másodlagos)
A9: 3 | B9: air pot 50l | C9: 10 | D9: Szoros | E9: Igen | F9: Gyökérlégzés, gyökérmetszés – termesztés konténerben | G9: Gyártóoldal / szűrő / termékoldal
A10: 4 | B10: air pot hydro | C10: 10 | D10: Szoros | E10: Igen | F10: Gyökérlégzés, gyökérmetszés – termesztés konténerben | G10: Gyártóoldal / szűrő / termékoldal
A11: 5 | B11: air pot 9l | C11: 10 | D11: Szoros | E11: Igen | F11: Gyökérlégzés, gyökérmetszés – termesztés konténerben | G11: Gyártóoldal / szűrő / termékoldal
B12: Összesen (érdemes rá oldal = Igen): | C12: =SUMIFS(C7:C11,E7:E11,"Igen")

Sheet 5 Textil cserép
A1: Textil cserép, ültetőzsák – fő kulcsszó: „ültetőzsák”
A2: Felhasználási terület: Szövet / filc cserép, ültető- és termesztőzsák
A3: Megjegyzés: Az „ültetőzsák” (90) a legerősebb; a „textil cserép”, „szövet cserép”, „smart pot” egyenként 20. A krumpli/burgonya ültető zsák kerti, de ugyanaz a termék.
A4: Felvett releváns kulcsszavak: 12 (a Kulcsszótervező > 0 keresésű ötleteiből válogatva; a teljes nyers lista a CSV-ben)
A6: # | B6: Kulcsszó | C6: Havi keresés | D6: Kötődés a webshophoz | E6: Érdemes rá kategória/oldal? | F6: Felhasználási terület | G6: Javasolt felhasználás
A7: 1 | B7: ültetőzsák | C7: 90 | D7: Szoros | E7: Igen | F7: Szövet / filc cserép, ültető- és termesztőzsák | G7: Kategórianév + H1 + SEO title (fő kulcsszó)
A8: 2 | B8: ultetozsak | C8: 50 | D8: Szoros | E8: Igen | F8: Szövet / filc cserép, ültető- és termesztőzsák | G8: Kategórialeírás (természetes említés)
A9: 3 | B9: burgonya ültető zsák | C9: 40 | D9: Laza | E9: Igen | F9: Szövet / filc cserép, ültető- és termesztőzsák | G9: Kategórialeírás (természetes említés)
A10: 4 | B10: krumpli ültető zsák | C10: 40 | D10: Laza | E10: Igen | F10: Szövet / filc cserép, ültető- és termesztőzsák | G10: Kategórialeírás (természetes említés)
A11: 5 | B11: textil cserép | C11: 20 | D11: Szoros | E11: Igen | F11: Szövet / filc cserép, ültető- és termesztőzsák | G11: SEO title / H1 / bevezető (másodlagos)
A12: 6 | B12: szövet cserép | C12: 20 | D12: Szoros | E12: Igen | F12: Szövet / filc cserép, ültető- és termesztőzsák | G12: SEO title / H1 / bevezető (másodlagos)
A13: 7 | B13: smart pot | C13: 20 | D13: Szoros | E13: Igen | F13: Szövet / filc cserép, ültető- és termesztőzsák | G13: SEO title / H1 / bevezető (másodlagos)
A14: 8 | B14: krumpli termesztő zsák | C14: 20 | D14: Laza | E14: Igen | F14: Szövet / filc cserép, ültető- és termesztőzsák | G14: Kategórialeírás (természetes említés)
A15: 9 | B15: termesztőzsák | C15: 10 | D15: Szoros | E15: Igen | F15: Szövet / filc cserép, ültető- és termesztőzsák | G15: Kategórialeírás (természetes említés)
A16: 10 | B16: növénynevelő zsák | C16: 10 | D16: Szoros | E16: Igen | F16: Szövet / filc cserép, ültető- és termesztőzsák | G16: Kategórialeírás (természetes említés)
A17: 11 | B17: root pouch | C17: 10 | D17: Szoros | E17: Igen | F17: Szövet / filc cserép, ültető- és termesztőzsák | G17: Gyártóoldal / szűrő / termékoldal
A18: 12 | B18: smarpot | C18: 10 | D18: Szoros | E18: Igen | F18: Szövet / filc cserép, ültető- és termesztőzsák | G18: Kategórialeírás (természetes említés)
B19: Összesen (érdemes rá oldal = Igen): | C19: =SUMIFS(C7:C18,E7:E18,"Igen")

Sheet 6 Szögletes cserép
A1: Szögletes cserép, magas cserép – fő kulcsszó: „szögletes virágcserép”
A2: Felhasználási terület: Helytakarékos termesztés sátorban / polcon
A3: Megjegyzés: A „négyzetes cserép” kifejezésre nincs mérhető keresés – a „szögletes” a vásárlói szó.
A4: Felvett releváns kulcsszavak: 9 (a Kulcsszótervező > 0 keresésű ötleteiből válogatva; a teljes nyers lista a CSV-ben)
A6: # | B6: Kulcsszó | C6: Havi keresés | D6: Kötődés a webshophoz | E6: Érdemes rá kategória/oldal? | F6: Felhasználási terület | G6: Javasolt felhasználás
A7: 1 | B7: szögletes virágcserép | C7: 90 | D7: Szoros | E7: Igen | F7: Helytakarékos termesztés sátorban / polcon | G7: Kategórianév + H1 + SEO title (fő kulcsszó)
A8: 2 | B8: magas cserép | C8: 70 | D8: Szoros | E8: Igen | F8: Helytakarékos termesztés sátorban / polcon | G8: SEO title / H1 / bevezető (másodlagos)
A9: 3 | B9: szögletes cserép | C9: 40 | D9: Szoros | E9: Igen | F9: Helytakarékos termesztés sátorban / polcon | G9: SEO title / H1 / bevezető (másodlagos)
A10: 4 | B10: szögletes műanyag cserép | C10: 30 | D10: Szoros | E10: Igen | F10: Helytakarékos termesztés sátorban / polcon | G10: SEO title / H1 / bevezető (másodlagos)
A11: 5 | B11: magas műanyag virágcserép | C11: 20 | D11: Szoros | E11: Igen | F11: Helytakarékos termesztés sátorban / polcon | G11: Kategórialeírás (természetes említés)
A12: 6 | B12: négyszögletes virágcserép | C12: 20 | D12: Szoros | E12: Igen | F12: Helytakarékos termesztés sátorban / polcon | G12: Kategórialeírás (természetes említés)
A13: 7 | B13: négyzet alakú virágcserép | C13: 20 | D13: Szoros | E13: Igen | F13: Helytakarékos termesztés sátorban / polcon | G13: Kategórialeírás (természetes említés)
A14: 8 | B14: négyszögletes műanyag cserép | C14: 10 | D14: Szoros | E14: Igen | F14: Helytakarékos termesztés sátorban / polcon | G14: Kategórialeírás (természetes említés)
A15: 9 | B15: mély cserép | C15: 10 | D15: Szoros | E15: Igen | F15: Helytakarékos termesztés sátorban / polcon | G15: Kategórialeírás (természetes említés)
B16: Összesen (érdemes rá oldal = Igen): | C16: =SUMIFS(C7:C15,E7:E15,"Igen")

Sheet 7 Önöntöző cserép
A1: Önöntöző cserép – fő kulcsszó: „önöntöző cserép”
A2: Felhasználási terület: Víztartályos, önöntöző cserép – szobanövény, fűszer
A3: Megjegyzés: Csak akkor érdemes, ha van önöntöző kínálat.
A4: Felvett releváns kulcsszavak: 6 (a Kulcsszótervező > 0 keresésű ötleteiből válogatva; a teljes nyers lista a CSV-ben)
A6: # | B6: Kulcsszó | C6: Havi keresés | D6: Kötődés a webshophoz | E6: Érdemes rá kategória/oldal? | F6: Felhasználási terület | G6: Javasolt felhasználás
A7: 1 | B7: önöntöző cserép | C7: 90 | D7: Laza | E7: Igen | F7: Víztartályos, önöntöző cserép – szobanövény, fűszer | G7: Kategórianév + H1 + SEO title (fő kulcsszó)
A8: 2 | B8: önöntöző virágcserép | C8: 20 | D8: Laza | E8: Igen | F8: Víztartályos, önöntöző cserép – szobanövény, fűszer | G8: SEO title / H1 / bevezető (másodlagos)
A9: 3 | B9: cserép öntöző | C9: 20 | D9: Laza | E9: Igen | F9: Víztartályos, önöntöző cserép – szobanövény, fűszer | G9: Kategórialeírás (természetes említés)
A10: 4 | B10: önlocsoló virágcserép | C10: 10 | D10: Laza | E10: Igen | F10: Víztartályos, önöntöző cserép – szobanövény, fűszer | G10: Kategórialeírás (természetes említés)
A11: 5 | B11: önöntözős virágcserép | C11: 10 | D11: Laza | E11: Igen | F11: Víztartályos, önöntöző cserép – szobanövény, fűszer | G11: Kategórialeírás (természetes említés)
A12: 6 | B12: intelligens virágcserép | C12: 10 | D12: Laza | E12: Igen | F12: Víztartályos, önöntöző cserép – szobanövény, fűszer | G12: Kategórialeírás (természetes említés)
B13: Összesen (érdemes rá oldal = Igen): | C13: =SUMIFS(C7:C12,E7:E12,"Igen")

Sheet 8 Tálcák
A1: Műanyag tálca, árapály asztal – fő kulcsszó: „nagyméretű műanyag tálca”
A2: Felhasználási terület: Gyűjtőtálca termesztősátorba, árapály (ebb & flow) rendszer
A3: Megjegyzés: A „gyűjtőtálca” és a „növénytálca” szóra nincs mérhető keresés. A „csepptálca” (210) és a „kármentő tálca” (480) klíma- / ipari keresés. A „szaporító tálca” (320) a Propagátor-ág „Palántanevelő tálca” kategóriájáé – ott van a céloldala.
A4: Felvett releváns kulcsszavak: 22 (a Kulcsszótervező > 0 keresésű ötleteiből válogatva; a teljes nyers lista a CSV-ben)
A6: # | B6: Kulcsszó | C6: Havi keresés | D6: Kötődés a webshophoz | E6: Érdemes rá kategória/oldal? | F6: Felhasználási terület | G6: Javasolt felhasználás
A7: 1 | B7: nagyméretű műanyag tálca | C7: 140 | D7: Laza | E7: Igen | F7: Gyűjtőtálca termesztősátorba, árapály (ebb & flow) rendszer | G7: Kategórianév + H1 + SEO title (fő kulcsszó)
A8: 2 | B8: tálcák | C8: 1000 | D8: Laza | E8: Nem | F8: Gyűjtőtálca termesztősátorba, árapály (ebb & flow) rendszer | G8: Nem célozni külön oldallal (max. említés)
A9: 3 | B9: műanyag tálca | C9: 590 | D9: Laza | E9: Igen | F9: Gyűjtőtálca termesztősátorba, árapály (ebb & flow) rendszer | G9: SEO title / H1 / bevezető (másodlagos)
A10: 4 | B10: kármentő tálca | C10: 480 | D10: Laza | E10: Nem | F10: Gyűjtőtálca termesztősátorba, árapály (ebb & flow) rendszer | G10: Nem célozni külön oldallal (max. említés)
A11: 5 | B11: szaporító tálca | C11: 320 | D11: Laza | E11: Nem | F11: Gyűjtőtálca termesztősátorba, árapály (ebb & flow) rendszer | G11: Nem célozni külön oldallal (max. említés)
A12: 6 | B12: csepptálca | C12: 210 | D12: Laza | E12: Nem | F12: Gyűjtőtálca termesztősátorba, árapály (ebb & flow) rendszer | G12: Nem célozni külön oldallal (max. említés)
A13: 7 | B13: ebb and flow | C13: 70 | D13: Szoros | E13: Igen | F13: Gyűjtőtálca termesztősátorba, árapály (ebb & flow) rendszer | G13: SEO title / H1 / bevezető (másodlagos)
A14: 8 | B14: műanyag csepegtető tálca | C14: 70 | D14: Laza | E14: Igen | F14: Gyűjtőtálca termesztősátorba, árapály (ebb & flow) rendszer | G14: Kategórialeírás (természetes említés)
A15: 9 | B15: árapály asztal | C15: 50 | D15: Szoros | E15: Igen | F15: Gyűjtőtálca termesztősátorba, árapály (ebb & flow) rendszer | G15: SEO title / H1 / bevezető (másodlagos)
A16: 10 | B16: műanyag kármentő tálca | C16: 50 | D16: Laza | E16: Igen | F16: Gyűjtőtálca termesztősátorba, árapály (ebb & flow) rendszer | G16: Kategórialeírás (természetes említés)
A17: 11 | B17: műanyag tálca obi | C17: 50 | D17: Nincs (áruházi / nem vásárlási szándék) | E17: Nem – kizárandó | F17: Gyűjtőtálca termesztősátorba, árapály (ebb & flow) rendszer | G17: Nem használni (áruházi/nem vásárlási szándék)
A18: 12 | B18: nagy műanyag tálca | C18: 40 | D18: Laza | E18: Igen | F18: Gyűjtőtálca termesztősátorba, árapály (ebb & flow) rendszer | G18: Kategórialeírás (természetes említés)
... A28: 22 | B28: palántanevelő tálca alátét | C28: 10 | D28: Szoros | E28: Igen | F28: Gyűjtőtálca termesztősátorba, árapály (ebb & flow) rendszer | G28: Kategórialeírás (természetes említés)
B29: Összesen (érdemes rá oldal = Igen): | C29: =SUMIFS(C7:C28,E7:E28,"Igen")

Sheet 9 Virágcserép
A1: Virágcserép, műanyag cserép – fő kulcsszó: „virágcserép”
A2: Felhasználási terület: Termesztő cserép – műanyag, nagy méret, literes
A3: Megjegyzés: A „kaspó”, „virágláda”, „virágtartó” (egyenként 2400), az „agyag cserép” (720) és a „kerámia cserép” (590) dekor / kerti keresés – csak ha forgalmazod (Bővítés lap). A „fekete cserép” (90) főleg tetőcserép.
A4: Felvett releváns kulcsszavak: 30 (a Kulcsszótervező > 0 keresésű ötleteiből válogatva; a teljes nyers lista a CSV-ben)
A6: # | B6: Kulcsszó | C6: Havi keresés | D6: Kötődés a webshophoz | E6: Érdemes rá kategória/oldal? | F6: Felhasználási terület | G6: Javasolt felhasználás
A7: 1 | B7: virágcserép | C7: 2400 | D7: Szoros | E7: Igen | F7: Termesztő cserép – műanyag, nagy méret, literes | G7: Kategórianév + H1 + SEO title (fő kulcsszó)
A8: 2 | B8: műanyag virágcserép | C8: 590 | D8: Szoros | E8: Igen | F8: Termesztő cserép – műanyag, nagy méret, literes | G8: SEO title / H1 / bevezető (másodlagos)
A9: 3 | B9: műanyag virág cserép | C9: 590 | D9: Szoros | E9: Igen | F9: Termesztő cserép – műanyag, nagy méret, literes | G9: Kategórialeírás (természetes említés)
A10: 4 | B10: műanyag cserép | C10: 480 | D10: Szoros | E10: Igen | F10: Termesztő cserép – műanyag, nagy méret, literes | G10: SEO title / H1 / bevezető (másodlagos)
A11: 5 | B11: műanyagcserép | C11: 480 | D11: Szoros | E11: Igen | F11: Termesztő cserép – műanyag, nagy méret, literes | G11: Kategórialeírás (természetes említés)
A12: 6 | B12: nagy virágcserép | C12: 480 | D12: Szoros | E12: Igen | F12: Termesztő cserép – műanyag, nagy méret, literes | G12: SEO title / H1 / bevezető (másodlagos)
A13: 7 | B13: nagyméretű műanyag virágcserép | C13: 320 | D13: Szoros | E13: Igen | F13: Termesztő cserép – műanyag, nagy méret, literes | G13: Kategórialeírás (természetes említés)
A14: 8 | B14: obi virágcserép | C14: 320 | D14: Nincs (áruházi / nem vásárlási szándék) | E14: Nem – kizárandó | F14: Termesztő cserép – műanyag, nagy méret, literes | G14: Nem használni (áruházi/nem vásárlási szándék)
A15: 9 | B15: virágcserép műanyag | C15: 260 | D15: Szoros | E15: Igen | F15: Termesztő cserép – műanyag, nagy méret, literes | G15: Kategórialeírás (természetes említés)
A16: 10 | B16: virágcserép nagy | C16: 260 | D16: Szoros | E16: Igen | F16: Termesztő cserép – műanyag, nagy méret, literes | G16: Kategórialeírás (természetes említés)
A17: 11 | B17: könnyű cserepek | C17: 140 | D17: Szoros | E17: Igen | F17: Termesztő cserép – műanyag, nagy méret, literes | G17: Kategórialeírás (természetes említés)
A18: 12 | B18: cserepek | C18: 140 | D18: Szoros | E18: Igen | F18: Termesztő cserép – műanyag, nagy méret, literes | G18: Kategórialeírás (természetes említés)
... A36: 30 | B36: műanyag palántázó cserép | C36: 10 | D36: Szoros | E36: Igen | F36: Termesztő cserép – műanyag, nagy méret, literes | G36: Kategórialeírás (természetes említés)
B37: Összesen (érdemes rá oldal = Igen): | C37: =SUMIFS(C7:C36,E7:E36,"Igen")

Sheet 10 Alátét
A1: Cserépalátét – fő kulcsszó: „cserépalátét”
A2: Felhasználási terület: Cserép alá – vízfelfogás, gurulós alátét
A3: Megjegyzés: Az „alátét”, „gumi alátét”, „fakötésű alátét” szerelvény-keresés – a menünévből a „cserép” szó nem hiányozhat. A „gurulós virágtartó” (260) jó másodlagos kulcsszó, ha van gurulós alátét.
A4: Felvett releváns kulcsszavak: 22 (a Kulcsszótervező > 0 keresésű ötleteiből válogatva; a teljes nyers lista a CSV-ben)
A6: # | B6: Kulcsszó | C6: Havi keresés | D6: Kötődés a webshophoz | E6: Érdemes rá kategória/oldal? | F6: Felhasználási terület | G6: Javasolt felhasználás
A7: 1 | B7: cserépalátét | C7: 260 | D7: Szoros | E7: Igen | F7: Cserép alá – vízfelfogás, gurulós alátét | G7: Kategórianév + H1 + SEO title (fő kulcsszó)
A8: 2 | B8: alátét | C8: 720 | D8: Laza | E8: Nem | F8: Cserép alá – vízfelfogás, gurulós alátét | G8: Nem célozni külön oldallal (max. említés)
A9: 3 | B9: fakötésű alátét | C9: 590 | D9: Laza | E9: Nem | F9: Cserép alá – vízfelfogás, gurulós alátét | G9: Nem célozni külön oldallal (max. említés)
A10: 4 | B10: gumi alátét | C10: 480 | D10: Laza | E10: Nem | F10: Cserép alá – vízfelfogás, gurulós alátét | G10: Nem célozni külön oldallal (max. említés)
A11: 5 | B11: obi cserépalátét | C11: 320 | D11: Nincs (áruházi / nem vásárlási szándék) | E11: Nem – kizárandó | F11: Cserép alá – vízfelfogás, gurulós alátét | G11: Nem használni (áruházi/nem vásárlási szándék)
A12: 6 | B12: cserép alátét | C12: 260 | D12: Szoros | E12: Igen | F12: Cserép alá – vízfelfogás, gurulós alátét | G12: SEO title / H1 / bevezető (másodlagos)
A13: 7 | B13: gurulós virágtartó | C13: 260 | D13: Laza | E13: Igen | F13: Cserép alá – vízfelfogás, gurulós alátét | G13: Kategórialeírás (természetes említés)
A14: 8 | B14: virágcserép alátét | C14: 140 | D14: Szoros | E14: Igen | F14: Cserép alá – vízfelfogás, gurulós alátét | G14: SEO title / H1 / bevezető (másodlagos)
A15: 9 | B15: műanyag cserépalátét | C15: 110 | D15: Szoros | E15: Igen | F15: Cserép alá – vízfelfogás, gurulós alátét | G15: SEO title / H1 / bevezető (másodlagos)
A16: 10 | B16: kerámia cserépalátét | C16: 90 | D16: Laza | E16: Nem | F16: Cserép alá – vízfelfogás, gurulós alátét | G16: Nem célozni külön oldallal (max. említés)
A17: 11 | B17: gurulós virágállvány | C17: 70 | D17: Laza | E17: Igen | F17: Cserép alá – vízfelfogás, gurulós alátét | G17: Kategórialeírás (természetes említés)
A18: 12 | B18: agyag cserépalátét | C18: 70 | D18: Laza | E18: Nem | F18: Cserép alá – vízfelfogás, gurulós alátét | G18: Nem célozni külön oldallal (max. említés)
... A28: 22 | B28: gurulós virágcserép alátét | C28: 10 | D28: Szoros | E28: Igen | F28: Cserép alá – vízfelfogás, gurulós alátét | G28: Kategórialeírás (természetes említés)
B29: Összesen (érdemes rá oldal = Igen): | C29: =SUMIFS(C7:C28,E7:E28,"Igen")

Sheet Gyártói kulcsszavak
A1: Gyártó- és márkanevekre érkező keresések (a gyártó szerinti szűrő / alkategória kérdéséhez)
A3: Kulcsszó | B3: Havi keresés
A4: airpot | B4: 140
A5: air pot | B5: 90
A6: prosperplast esővízgyűjtő | B6: 50
A7: smart pot | B7: 20
A8: air pot 50l | B8: 10
A9: air pot hydro | B9: 10
A10: smarpot | B10: 10
A11: root pouch | B11: 10
